C,SETP.WORLD,DVD_STATION,AEMO,PUBLIC,2017/07/08,02:15:04,0000000285202916,,0000000285202674
I,PARTICIPANT_REGISTRATION,STATION,1,STATIONID,STATIONNAME,ADDRESS1,ADDRESS2,ADDRESS3,ADDRESS4,CITY,STATE,POSTCODE,LASTCHANGED,CONNECTIONPOINTID
D,PARTICIPANT_REGISTRATION,STATION,1,CALLIDE,"Callide Power Station","PO BOX 392",,,,BILOELA,QLD,4715,"2011/01/06 11:28:04",
D,PARTICIPANT_REGISTRATION,STATION,1,SWANBANK,"Swanbank B Power Station & Swanbank E Gas Turbine","MS 460",,,,IPSWICH,QLD,4306,"2011/06/30 10:01:02",
D,PARTICIPANT_REGISTRATION,STATION,1,MP,"MT PIPER POWER STATION","MT PIPER POWER STATION","PRIVATE BAG NO. 1","POST OFFICE",,PORTLAND,NSW,2847,"2003/11/25 15:34:57",
D,PARTICIPANT_REGISTRATION,STATION,1,MM,"MUNMORAH POWER STATION","MUNMORAH POWER STATION","LOCKED MAIL BAG NO. 1","POST OFFICE",,BUDGEWOI,NSW,2262,"2003/11/25 15:34:57",
D,PARTICIPANT_REGISTRATION,STATION,1,VP,"Vales Point ""B"" Power Station","VALES POINT POWER STATION","C/0 POST OFFICE",,,"MANNERING PARK",NSW,2259,"2011/01/06 11:28:04",
D,PARTICIPANT_REGISTRATION,STATION,1,WW,"Wallerawang Power Station","WALLERAWANG POWER STATION","C/O WALLERAWANG POST OFFICE",,,WALLERAWANG,NSW,2845,"2011/03/01 11:15:34",
D,PARTICIPANT_REGISTRATION,STATION,1,JEERA,"Jeeralang ""A"" Power Station",,,,,JEERALANG,VIC,3000,"2011/01/06 11:28:58",
D,PARTICIPANT_REGISTRATION,STATION,1,JEERB,"Jeeralang ""B"" Power Station",,,,,JEERALANG,VIC,3000,"2011/01/06 11:28:58",
D,PARTICIPANT_REGISTRATION,STATION,1,NEWPORT,"NEWPORT POWER STATION",,,,,NEWPORT,VIC,3000,"2003/11/25 15:34:57",
D,PARTICIPANT_REGISTRATION,STATION,1,LOYYB,"LOY YANG B POWER STATION",,,,,TRARALGON,VIC,3844,"2003/11/25 15:34:57",
D,PARTICIPANT_REGISTRATION,STATION,1,ENERGYB,"Energy Brix Complex Power Station","GATE 2","COMMERCIAL ROAD",,,MORWELL,VIC,3840,"2011/01/06 11:28:58",
D,PARTICIPANT_REGISTRATION,STATION,1,SNUG,"SNUGGERY POWER STATION",,,,,SNUGGERY,SA,5000,"2003/11/25 15:34:57",
D,PARTICIPANT_REGISTRATION,STATION,1,HAZEL,"Hazelwood Power Station",MORWELL,,,,VIC,VIC,3840,"2011/01/06 11:28:58",
D,PARTICIPANT_REGISTRATION,STATION,1,LOYYANGA,"LOY YANG A POWER STATION","BARTONS LANE",,,,"TRARALGON SOUTH",VIC,3844,"2003/11/25 15:34:57",
D,PARTICIPANT_REGISTRATION,STATION,1,LIDDELL,"Liddell Power Station",,,,,LIDDELL,NSW,2140,"2011/01/06 11:30:30",
D,PARTICIPANT_REGISTRATION,STATION,1,BAYSW,"Bayswater Power Station",BAYSWATER,,,,NSW,NSW,2140,"2011/01/06 11:30:30",
D,PARTICIPANT_REGISTRATION,STATION,1,DRYCGT,"Dry Creek Gas Turbine Station","DRY CREEK",,,,"DRY CREEK",SA,5094,"2011/01/06 11:30:30",
D,PARTICIPANT_REGISTRATION,STATION,1,MINTARO,"Mintaro Gas Turbine Station",MINTARO,,,,MINTARO,SA,5415,"2011/01/06 11:30:30",
D,PARTICIPANT_REGISTRATION,STATION,1,NORTHP,"NORTHERN POWER STATION","P.O. BOX 15","PORT AUGUSTA",,,"PORT AUGUSTA",SA,5700,"2003/11/25 15:34:57",
D,PARTICIPANT_REGISTRATION,STATION,1,PLAYF,"Playford B Power Station","P.O. BOX 15","PORT AUGUSTA",,,"PORT AUGUSTA",SA,5700,"2011/01/06 11:28:58",
D,PARTICIPANT_REGISTRATION,STATION,1,TORRIS,"TORRENS ISLAND POWER STATION","P.O. BOX 195","PORT ADELAIDE",,,"PORT ADELAIDE",SA,5015,"2003/11/25 15:34:57",
D,PARTICIPANT_REGISTRATION,STATION,1,ERARING,"ERARING POWER STATION",,,,,ERARING,NSW,2264,"2003/11/25 15:34:57",
D,PARTICIPANT_REGISTRATION,STATION,1,HUMENSW,"Hume (NSW) Hydro Power Station","HUME DAM",,,,"Hume Weir",NSW,2614,"2013/08/01 13:57:51",
D,PARTICIPANT_REGISTRATION,STATION,1,BROWNMT,"Brown Mountain Hydro Power Station","SNOWY MTS HIGHWAY",,,,BEMBOKA,NSW,2550,"2013/08/01 13:22:42",
D,PARTICIPANT_REGISTRATION,STATION,1,KEEPIT,"Keepit Hydro Power Station","KEEPIT DAM",,,,"KEEPIT DAM",NSW,2340,"2013/08/01 14:01:19",
D,PARTICIPANT_REGISTRATION,STATION,1,BURRIN,"Burrinjuck Hydro Power Station",,,,,BURRINJUCK,NSW,2000,"2013/08/01 13:45:15",
D,PARTICIPANT_REGISTRATION,STATION,1,WG,"WARRAGAMBA POWER STATION",,,,,"WARRAGAMBA DAM",NSW,2752,"2003/11/25 15:34:57",
D,PARTICIPANT_REGISTRATION,STATION,1,NORTHGT,"NORTHERN GAS TURBINE","ROCKY POINT ROAD",,,,ERARING,NSW,2464,"2003/11/25 15:34:57",
D,PARTICIPANT_REGISTRATION,STATION,1,HUNTVGT,"Hunter Valley Gas Turbine","NEW ENGLAND HIGHWAY",,,,LIDDELL,NSW,2000,"2011/01/06 11:30:30",
D,PARTICIPANT_REGISTRATION,STATION,1,KOOLKHAN,"KOOLKHAN GAS TURBINE","CASINO ROAD",,,,KOOLKHAN,NSW,2460,"2003/11/25 15:34:57",
D,PARTICIPANT_REGISTRATION,STATION,1,BHILLGT,"Broken Hill Gas Turbines","Pinnacles Road",,,,"Broken Hill",NSW,2880,"2011/01/06 11:28:04",
D,PARTICIPANT_REGISTRATION,STATION,1,SHOALHAV,"Shoalhaven Power Station (Bendeela And Kangaroo Valley Power Station And Pumps)","BENDEELA ROAD",,,,"KANGAROO VALLEY",NSW,2577,"2011/03/01 11:17:29",
D,PARTICIPANT_REGISTRATION,STATION,1,G/STONE,"GLADSTONE POWER STATION","PO BOX 5046",,,,GLADSTONE,QLD,4680,"2003/11/25 15:34:57",
D,PARTICIPANT_REGISTRATION,STATION,1,COLNSV,"Collinsville Power Station","1 Power House Road",,,,Collinsville,QLD,4804,"2012/06/29 10:09:00",
D,PARTICIPANT_REGISTRATION,STATION,1,APS,"ANGELSEA POWER STATION","ALCOA AUSTRALIA LIMITED","COAL MINES ROAD",,,ANGELSEA,VIC,3230,"2014/07/28 10:23:04",
D,PARTICIPANT_REGISTRATION,STATION,1,HUMEV,"Hume (Vic) Hydro Power Station","HUME DAM NSW",,,,WODONGA,VIC,3691,"2013/08/01 13:58:59",
D,PARTICIPANT_REGISTRATION,STATION,1,PORTLAND,PORTLAND,"PORTLAND POWER SERVICES","QUARRY ROAD",,,PORTLAND,VIC,3305,"2003/11/25 15:34:57",
D,PARTICIPANT_REGISTRATION,STATION,1,PTH,"POINT HENRY SMELTER","POINT HENRY ROAD",,,,"POINT HENRY",VIC,3221,"2003/11/25 15:34:57",
D,PARTICIPANT_REGISTRATION,STATION,1,DARTM,"DARTMOUTH POWER STATION",DARTMOUTH,"KIEWA VALLEY HIGHWAY","MT. BEAUTY  3699",,VIC,VIC,3699,"2003/11/25 15:34:57",
D,PARTICIPANT_REGISTRATION,STATION,1,EILDON,"EILDON POWER STATION","KIEWA VALLEY HIGHWAY","MT. BEAUTY  3699",,,EILDON,VIC,3699,"2003/11/25 15:34:57",
D,PARTICIPANT_REGISTRATION,STATION,1,MCKAY,"Bogong / Mackay Power Station","KIEWA VALLEY HIGHWAY","MT. BEAUTY  3699",,,,VIC,3699,"2011/01/06 11:28:04",
D,PARTICIPANT_REGISTRATION,STATION,1,CLOVER,"CLOVER POWER STATION","KIEWA VALLEY HIGHWAY","MT. BEAUTY  3699",,,,VIC,3699,"2003/11/25 15:34:57",
D,PARTICIPANT_REGISTRATION,STATION,1,WKIEWA,"WEST KIEWA POWER STATION","KIEWA VALLEY HIGHWAY","MT. BEAUTY  3699",,,,VIC,3699,"2003/11/25 15:34:57",
D,PARTICIPANT_REGISTRATION,STATION,1,RUBICON,"Rubicon Mountain Streams Station","KIEWA VALLEY HIGHWAY","MT. BEAUTY",,,,VIC,3699,"2011/01/06 11:28:04",
D,PARTICIPANT_REGISTRATION,STATION,1,BARRON,"Barron Gorge Power Station","PO BOX 320 R",,,,REDLYNCH,QLD,4870,"2011/01/06 11:30:30",
D,PARTICIPANT_REGISTRATION,STATION,1,KAREEYA,"KAREEYA POWER STATION","PO BOX 398",,,,TULLY,QLD,4854,"2003/11/25 15:34:57",
D,PARTICIPANT_REGISTRATION,STATION,1,MACKAY,"MACKAY GAS TURBINE","MACKAY GAS TURBINE",,,,MACKAY,QLD,,"2003/11/25 15:34:57",
D,PARTICIPANT_REGISTRATION,STATION,1,STANWELL,"STANWELL POWER STATION","PO BOX 5895","ROCKHAMPTON MAIL CENTRE",,,ROCKHAMPTON,QLD,4702,"2003/11/25 15:34:57",
D,PARTICIPANT_REGISTRATION,STATION,1,TARONG,"TARONG POWER STATION","MAIDENWELL ROAD",,,,NANANGO,QLD,4615,"2003/11/25 15:34:57",
D,PARTICIPANT_REGISTRATION,STATION,1,WIVENHOE,"WIVENHOE POWER STATION","WIVENHOE-SOMERSET ROAD",,,,FERNVALE,QLD,4306,"2003/11/25 15:34:57",
D,PARTICIPANT_REGISTRATION,STATION,1,YALLOURN,"YALLOURN 'W' POWER STATION","EASTERN ROAD",YALLOURN,,"PO BOX 444",MOE,VIC,3825,"2003/11/25 15:34:57",
D,PARTICIPANT_REGISTRATION,STATION,1,BARCALDN,"Barcaldine Power Station","PO BOX 107","ALBERT STREET",,,BRISBANE,QLD,4002,"2011/01/06 11:28:58",
D,PARTICIPANT_REGISTRATION,STATION,1,SNOWY1,"Tumut 3 Power Station","MITTAGANG ROAD",,,,COOMA,NSW,2630,"2011/01/06 11:30:30",
D,PARTICIPANT_REGISTRATION,STATION,1,SNOWY2,"Tumut Power Station","MITTAGANG ROAD",,,,COOMA,NSW,2630,"2011/01/06 11:30:30",
D,PARTICIPANT_REGISTRATION,STATION,1,SNOWY3,"Guthega Power Station","MITTAGANG ROAD",,,,COOMA,NSW,2630,"2015/03/19 16:05:20",
D,PARTICIPANT_REGISTRATION,STATION,1,SNOWY4,SNOWY,"MITTAGANG ROAD",,,,COOMA,NSW,2630,"2003/11/25 15:34:57",
D,PARTICIPANT_REGISTRATION,STATION,1,SNOWY5,SNOWY,"MITTAGANG ROAD",,,,COOMA,NSW,2630,"2003/11/25 15:34:57",
D,PARTICIPANT_REGISTRATION,STATION,1,SNOWY6,"Blowering Power Station","MITTAGANG ROAD",,,,COOMA,NSW,2630,"2011/01/06 11:30:30",
D,PARTICIPANT_REGISTRATION,STATION,1,SNOWYP,SNOWY,"MITTAGANG ROAD",,,,COOMA,NSW,2630,"2003/11/25 15:34:57",
D,PARTICIPANT_REGISTRATION,STATION,1,PORTLCN,"Port Lincoln Gas Turbine",NN,,,,"PORT LINCOLN",SA,5000,"2011/01/06 11:30:30",
D,PARTICIPANT_REGISTRATION,STATION,1,TBLAND,"TABLELAND MILL","SPRING MOUNTAIN ROAD",,,,ARRIGA,QLD,4000,"2003/11/25 15:34:57",
D,PARTICIPANT_REGISTRATION,STATION,1,OSBORNE,"OSBORNE POWER STATION","MERSEY RD",,,,OSBORNE,SA,5000,"2003/11/25 15:34:57",
D,PARTICIPANT_REGISTRATION,STATION,1,MSTUART,"Mt Stuart Power Station","HUNTER STREET","MT STUART",,,TOWNSVILLE,QLD,4002,"2011/01/06 11:30:30",
D,PARTICIPANT_REGISTRATION,STATION,1,YABULU,"Townsville Gas Turbine","LOT 1","GREENVALE ST",,,TOWNSVILLE,QLD,4000,"2011/01/06 11:28:04",
D,PARTICIPANT_REGISTRATION,STATION,1,SITHE,"SMITHFIELD ENERGY FACILITY","33 Herbert Place",Smithfield,,,Sydney,NSW,2164,"2003/11/25 15:34:57",
D,PARTICIPANT_REGISTRATION,STATION,1,STHJST,"SOUTH JOHNSTONE","C\- CS ENERGY",,,,BRISBANE,QLD,BRISBANE,"2003/11/25 15:34:57",
D,PARTICIPANT_REGISTRATION,STATION,1,BHASZINC,"BHAS ZINC PLANT SA","C/- ETSA POWER ADELAIDE",,,,ADELAIDE,SA,ADELAIDE,"2003/11/25 15:34:57",
D,PARTICIPANT_REGISTRATION,STATION,1,VICSMLT,"VICTORIAN SMELTER ANCILLARY SERVICES","C/- SECV",,,,PORTLAND,VIC,PORTLAND,"2003/11/25 15:34:57",
D,PARTICIPANT_REGISTRATION,STATION,1,BLOWER,BLOWERING,"MITTAGANG ROAD",,,,COOMA,NSW,COOMA,"2003/11/25 15:34:57",
D,PARTICIPANT_REGISTRATION,STATION,1,GUTHEGA,"Guthega Power Station","MITTAGANG ROAD",,,,COOMA,NSW,COOMA,"2011/01/06 11:30:30",
D,PARTICIPANT_REGISTRATION,STATION,1,MURRAY1,MURRAY1,"MITTAGANG ROAD",,,,COOMA,NSW,COOMA,"2003/11/25 15:34:57",
D,PARTICIPANT_REGISTRATION,STATION,1,MURRAY2,MURRAY2,"MITTAGANG ROAD",,,,COOMA,NSW,COOMA,"2003/11/25 15:34:57",
D,PARTICIPANT_REGISTRATION,STATION,1,SNOWY,"Tumut 3 Pumps","MITTAGANG ROAD",,,,COOMA,NSW,COOMA,"2011/01/06 11:30:30",
D,PARTICIPANT_REGISTRATION,STATION,1,SNWYGJP2,"Jindabyne Pump At Guthega","MITTAGANG ROAD",,,,COOMA,NSW,COOMA,"2015/03/19 16:05:20",
D,PARTICIPANT_REGISTRATION,STATION,1,TUMUT1,TUMUT1,"MITTAGANG ROAD",,,,COOMA,NSW,COOMA,"2003/11/25 15:34:57",
D,PARTICIPANT_REGISTRATION,STATION,1,TUMUT2,TUMUT2,"MITTAGANG ROAD",,,,COOMA,NSW,COOMA,"2003/11/25 15:34:57",
D,PARTICIPANT_REGISTRATION,STATION,1,TUMUT3,TUMUT3,"MITTAGANG ROAD",,,,COOMA,NSW,COOMA,"2003/11/25 15:34:57",
D,PARTICIPANT_REGISTRATION,STATION,1,ROMA,"Roma Gas Turbine Station","Warrego Highway",,,,Roma,QLD,4455,"2011/01/06 11:30:30",
D,PARTICIPANT_REGISTRATION,STATION,1,JINDABYNE,SNOWY,"MITTAGANG ROAD",,,,COOMA,NSW,2630,"2003/11/25 15:34:57",
D,PARTICIPANT_REGISTRATION,STATION,1,TOMAGO,"TOMAGO SMELTER",LIDDELL,,,,LIDDELL,NSW,2140,"2003/11/25 15:34:57",
D,PARTICIPANT_REGISTRATION,STATION,1,FARLEIGH,"FARLEIGH MILL","FARLEIGH MILL",,,,FARLEIGH,QLD,4741,"2003/11/25 15:34:57",
D,PARTICIPANT_REGISTRATION,STATION,1,MACKNADE,"MACKNADE SUGAR MILL","MACKNADE SUGAR MILL",,,,MACKNADE,QLD,4850,"2003/11/25 15:34:57",
D,PARTICIPANT_REGISTRATION,STATION,1,MARIAN,"MARIAN MILL","MARIAN MILL",,,,MARIAN,QLD,4753,"2003/11/25 15:34:57",
D,PARTICIPANT_REGISTRATION,STATION,1,PLANECRK,"PLANE CREEK MILL","PLANE CREEK MILL",,,,SARINA,QLD,4737,"2003/11/25 15:34:57",
D,PARTICIPANT_REGISTRATION,STATION,1,PLEYSTOW,"PLEYSTOWE MILL","PLEYSTOWE MILL",,,,PLEYSTOWE,QLD,4741,"2003/11/25 15:34:57",
D,PARTICIPANT_REGISTRATION,STATION,1,RCOURSE,"RACECOURSE MILL","RACECOURSE MILL AND REFINERY",,,,MACKAY,QLD,4740,"2003/11/25 15:34:57",
D,PARTICIPANT_REGISTRATION,STATION,1,OAKEY,"OAKEY POWER STATION","Cnr Kearney Warrego Highway",,,,OAKEY,QLD,4401,"2014/12/15 11:26:09",
D,PARTICIPANT_REGISTRATION,STATION,1,ERG_AS,"ERGON FREQUENCY CONTROL A.S.","C/- ERGON ENERGY",,,,BRISBANE,QLD,4000,"2003/11/25 15:34:57",
D,PARTICIPANT_REGISTRATION,STATION,1,LADBROKE,"Ladbroke Grove Power Station","Argyle Road",,,,Penola,SA,5277,"2011/01/06 11:30:30",
D,PARTICIPANT_REGISTRATION,STATION,1,WGULLY,"WHYTES GULLY","LOT 203 REDDALLS ROAD",,,,"WEST DAPTO",NSW,2530,"2003/11/25 15:34:57",
D,PARTICIPANT_REGISTRATION,STATION,1,WINDHILL,"Windy Hill Wind Farm","Via Windy Hill, Atherton Tablelands",,,,"VIA RAVENSHOE",QLD,4872,"2011/01/06 11:30:30",
D,PARTICIPANT_REGISTRATION,STATION,1,DIRECTLINK,"DLINK INTERCONNECTOR","PO Box 786",,,,"PORT MACQUARIE",NSW,2444,"2003/11/25 15:34:57",
D,PARTICIPANT_REGISTRATION,STATION,1,UWS,"UWS CO-GEN UNIT","CNR VICTORIA ROAD & JAMES RUSE DRIVE",,,,RYDALMERE,NSW,2116,"2003/11/25 15:34:57",
D,PARTICIPANT_REGISTRATION,STATION,1,CALLIDEC,"CALLIDE C NETT OFF",CALLIDE,,,,CALLIDE,QLD,4715,"2003/11/25 15:34:57",
D,PARTICIPANT_REGISTRATION,STATION,1,MULGRAVE,"MULGRAVE CENTRAL MILL","GORDON STREET",,,,GORDONVALE,QLD,4865,"2003/11/25 15:34:57",
D,PARTICIPANT_REGISTRATION,STATION,1,NPPPPS,"Pelican Point Power Station","PELICAN POINT ROAD",,,,"OUTER HARBOUR",SA,5018,"2011/01/06 11:30:30",
D,PARTICIPANT_REGISTRATION,STATION,1,CALLIDEC1,"CALLIDE C NETT OFF",CALLIDE,,,,CALLIDE,QLD,4715,"2003/11/25 15:34:57",
D,PARTICIPANT_REGISTRATION,STATION,1,REDBANK1,"Redbank Power Station","112 LONG POINT ROAD WEST",,,,"WARKWORTH VIA SINGLETON",NSW,2330,"2011/01/06 11:30:30",
D,PARTICIPANT_REGISTRATION,STATION,1,DEIBDL,"Bairnsdale Power Station","LOT 1 MITTONS LANE",,,,BAIRNSDALE,VIC,3875,"2011/01/06 11:28:04",
D,PARTICIPANT_REGISTRATION,STATION,1,MILLMERN,"Millmerran Power Plant","ROAD 55, MOFFATT RESERVE ROCKY CREEK ROAD",,,,MILLMERRAN,QLD,4357,"2011/01/06 11:30:30",
D,PARTICIPANT_REGISTRATION,STATION,1,JACKSGUL,"Jacks Gully Landfill Gas Power Station","275 Richardson Road",,,,"Spring Farm",NSW,2570,"2013/07/31 14:28:20",
D,PARTICIPANT_REGISTRATION,STATION,1,MURRAY,"Murray Power Station","MITTAGANG ROAD",,,,COOMA,NSW,2630,"2011/01/06 11:30:30",
D,PARTICIPANT_REGISTRATION,STATION,1,RPCG,"Rocky Point Cogeneration Plant","MILL ROAD",,,,WOONGOOLBA,QLD,4207,"2011/01/06 11:30:30",
D,PARTICIPANT_REGISTRATION,STATION,1,PINDARI,"Pindari Hydro Power Station","DLWC OFFICE, PO BOX 50",,,,ASHFORD,NSW,2360,"2011/01/06 11:28:04",
D,PARTICIPANT_REGISTRATION,STATION,1,QUARANTN,"Quarantine Power Station","TORRENS ISLAND NORTH",,,,ADELAIDE,SA,5015,"2011/01/06 11:30:30",
D,PARTICIPANT_REGISTRATION,STATION,1,LONSDALE,"Lonsdale Power Station","100 Refinery Road",,,,LONSDALE,SA,5160,"2011/01/06 11:30:30",
D,PARTICIPANT_REGISTRATION,STATION,1,LYGS,"VALLEY POWER","Bartons Lane",,,,Traralgon,VIC,3844,"2003/11/25 15:34:57",
D,PARTICIPANT_REGISTRATION,STATION,1,AGLHAL,"Hallett Power Station","THE WILLOWS ROAD",,,,HALLETT,SA,5419,"2011/01/06 11:30:30",
D,PARTICIPANT_REGISTRATION,STATION,1,AGLSOM,"Somerton Power Station","130 HUME HIGHWAY",,,,SOMERTON,VIC,3062,"2011/01/06 11:28:04",
D,PARTICIPANT_REGISTRATION,STATION,1,SUNSHINE,"SUNSHINE ENERGY","8 HULETT STREET",,,,SUNSHINE,VIC,3020,"2003/11/25 15:34:57",
D,PARTICIPANT_REGISTRATION,STATION,1,WCLASS,"HRL TRAMWAY ROAD","TRAMWAY ROAD",,,,MORWELL,VIC,3840,"2003/11/25 15:34:57",
D,PARTICIPANT_REGISTRATION,STATION,1,AGLNOW1,"West Nowra Landfill Gas Power Generation Facility","WEST NOWRA LANDFILL, FLATROCK ROAD",,,,"WEST NOWRA",NSW,2541,"2011/01/06 11:28:04",
D,PARTICIPANT_REGISTRATION,STATION,1,TOORAWF,"TOORA WIND FARM","Silcocks Hill Road",,,,TOORA,VIC,3962,"2007/11/30 09:36:45",
D,PARTICIPANT_REGISTRATION,STATION,1,BROOKLYN,"Brooklyn LFG U1-3","JONES ROAD",,,,BROOKLYN,VIC,3025,"2013/11/07 09:02:02",
D,PARTICIPANT_REGISTRATION,STATION,1,EASTCRK,"Eastern Creek LFG PS Units 1-4","WALLGROVE ROAD",,,,"EASTERN CREEK",NSW,2766,"2014/02/14 09:01:53",
D,PARTICIPANT_REGISTRATION,STATION,1,LONGFORD,"LONGFORD PLANT","GARRETTS ROAD",,,,LONGFORD,VIC,3851,"2003/11/25 15:34:57",
D,PARTICIPANT_REGISTRATION,STATION,1,MURLINKP,"MURLINK INTCONNECTOR","PO BOX 7077 RIVERSIDE CENTRE",,,,BRISBANE,QLD,4000,"2003/11/25 15:34:57",
D,PARTICIPANT_REGISTRATION,STATION,1,STPN1,STAPYLTON,"215 BURNSIDE ROAD",,,,STAPYLTON,QLD,4207,"2003/11/25 15:34:57",
D,PARTICIPANT_REGISTRATION,STATION,1,TARONGN,"Tarong North Power Station","MAIDENWELL ROAD",,,,NANANGO,QLD,4615,"2011/01/06 11:30:30",
D,PARTICIPANT_REGISTRATION,STATION,1,WIVENSH,"WIVENHOE SMALL HYDRO","BRISBANE VALLEY HIGHWAY",,,,FERNVALE,QLD,4306,"2003/11/25 15:34:57",
D,PARTICIPANT_REGISTRATION,STATION,1,RT_NSW1,"RESERVE TRADER NSW1",NEMMCO,,,,SYDNEY,NSW,2000,"2003/11/25 15:34:57",
D,PARTICIPANT_REGISTRATION,STATION,1,RT_QLD1,"RESERVE TRADER QLD1",NEMMCO,,,,BRISBANE,QLD,4000,"2003/11/25 15:34:57",
D,PARTICIPANT_REGISTRATION,STATION,1,RT_SA1,"RESERVE TRADER SA1",NEMMCO,,,,ADELAIDE,SA,5000,"2003/11/25 15:34:57",
D,PARTICIPANT_REGISTRATION,STATION,1,RT_VIC1,"RESERVE TRADER VIC1",NEMMCO,,,,MELBOURNE,VIC,3000,"2003/11/25 15:34:57",
D,PARTICIPANT_REGISTRATION,STATION,1,MORNW,"Mornington Waste Disposal Facility","TRUEMAN'S ROAD",,,,RYE,VIC,3941,"2011/01/06 11:28:58",
D,PARTICIPANT_REGISTRATION,STATION,1,WYNDW,"Wyndham Waste Disposal Facility","WEST ROAD",,,,WERRIBEE,VIC,3030,"2011/01/06 11:28:58",
D,PARTICIPANT_REGISTRATION,STATION,1,PMATTAEP,"EarthPower Biomass Plant","35 GRAND AVENUE",,,,CAMELLIA,NSW,2142,"2011/01/06 11:28:04",
D,PARTICIPANT_REGISTRATION,STATION,1,SUNCOAST,"Suncoast Gold Macadamias","DRUMMOND DRIVE",,,,GYMPIE,QLD,4570,"2011/01/06 11:28:04",
D,PARTICIPANT_REGISTRATION,STATION,1,TERMSTOR,"Terminal Storage Mini Hydro Power Station","Grand Junction Road",,,,ADELAIDE,SA,5001,"2011/01/06 11:28:58",
D,PARTICIPANT_REGISTRATION,STATION,1,SOMERSET,"SOMERSET DAM","SOMERSET DAM",,,,BRISBANE,QLD,4312,"2004/03/03 16:19:38",
D,PARTICIPANT_REGISTRATION,STATION,1,LKBONNY1,"Lake Bonney Wind Farm Stage 1","SECTION 244 HUNDRED MAYURRA",,,,"NEAR MILLICENT/TANTOOLA",SA,5280,"2012/05/09 10:32:49",
D,PARTICIPANT_REGISTRATION,STATION,1,TERALBA,"TERALBA POWER STATION","STOCKTON BOREHOLE COLLIERY, RAILWAY STREET",,,,TERALBA,NSW,2284,"2004/05/25 11:37:50",
D,PARTICIPANT_REGISTRATION,STATION,1,EDLRGNRD,"Roghan Road LFG Power Plant","411 ROGHAN ROAD",,,,FITZGIBBON,QLD,4018,"2011/01/06 11:28:04",
D,PARTICIPANT_REGISTRATION,STATION,1,DG_NSW1,"NSW1 Dummy Generator",NEMMCO,,,,SYDNEY,NSW,2000,"2004/07/27 14:23:01",
D,PARTICIPANT_REGISTRATION,STATION,1,DG_QLD1,"QLD1 Dummy Generator",NEMMCO,,,,BRISBANE,QLD,4000,"2004/07/27 14:23:01",
D,PARTICIPANT_REGISTRATION,STATION,1,DG_SA1,"SA1 Dummy Generator",NEMMCO,,,,ADELAIDE,SA,5000,"2004/07/27 14:23:02",
D,PARTICIPANT_REGISTRATION,STATION,1,DG_VIC1,"VIC1 Dummy Generator",NEMMCO,,,,MELBOURNE,VIC,3000,"2004/07/27 14:23:02",
D,PARTICIPANT_REGISTRATION,STATION,1,ROCHEDAL,"Rochedale Renewable Energy Facility","174 GARDNER ROAD",,,,ROCHEDALE,QLD,4123,"2011/01/06 11:28:04",
D,PARTICIPANT_REGISTRATION,STATION,1,WHIT1,"Whitwood Road Renewable Energy Facility","189 WHITWOOD ROAD, NEW CHUM",,,,IPSWICH,QLD,4305,"2011/01/06 11:28:04",
D,PARTICIPANT_REGISTRATION,STATION,1,LUCAS2S2,"Lucas Heights 2 Power Station","LITTLE FOREST ROAD",,,,MENAI,NSW,2234,"2012/12/21 09:05:16",
D,PARTICIPANT_REGISTRATION,STATION,1,ANGASTON,"ANGASTON POWER STATION","LOT 6 STOCKWELL ROAD",,,,ANGASTON,SA,5353,"2004/12/30 12:44:23",
D,PARTICIPANT_REGISTRATION,STATION,1,WPWF,"Wattle Point Wind Farm","YORKE PENINSULA",,,,YORKETOWN,SA,5576,"2011/01/06 11:28:04",
D,PARTICIPANT_REGISTRATION,STATION,1,CATHROCK,"CATHEDRAL ROCKS","CATHEDRAL ROCKS WIND FARM",,,,SLEAFORD,SA,,"2005/04/29 11:10:58",
D,PARTICIPANT_REGISTRATION,STATION,1,BELLBAY,"BELL BAY","EAST TAMAR HIGHWAY",,,,"BELL BAY",TAS,7253,"2005/05/16 13:25:38",
D,PARTICIPANT_REGISTRATION,STATION,1,WOOLNTH1,"Woolnorth Studland Bay / Bluff Point Wind Farm","Woolnorth Wind Lot 1",,,,WOLLNORTH,TAS,7330,"2015/03/19 16:05:20",
D,PARTICIPANT_REGISTRATION,STATION,1,BASTYAN,"Bastyan Power Station",BASTYAN,,,,,TAS,,"2011/01/06 11:28:58",
D,PARTICIPANT_REGISTRATION,STATION,1,BUTLERSG,"Butlers Gorge Power Station",BUTLERSG,,,,,TAS,,"2011/01/06 11:28:58",
D,PARTICIPANT_REGISTRATION,STATION,1,CETHANA,"Cethana Power Station",CETHANA,,,,,TAS,,"2011/01/06 11:28:58",
D,PARTICIPANT_REGISTRATION,STATION,1,CLUNY,"Cluny Power Station",CLUNY,,,,,TAS,,"2011/01/06 11:28:58",
D,PARTICIPANT_REGISTRATION,STATION,1,DEVILS_G,"Devils Gate Power Station","DEVILS GATE",,,,,TAS,,"2011/01/06 11:28:58",
D,PARTICIPANT_REGISTRATION,STATION,1,FISHER,"Fisher Power Station",FISHER,,,,,TAS,,"2011/01/06 11:28:58",
D,PARTICIPANT_REGISTRATION,STATION,1,GORDON,"Gordon Power Station",GORDON,,,,,TAS,,"2011/01/06 11:28:58",
D,PARTICIPANT_REGISTRATION,STATION,1,JBUTTERS,"John Butters Power Station","JOHN BUTTERS",,,,,TAS,,"2011/01/06 11:28:58",
D,PARTICIPANT_REGISTRATION,STATION,1,LEM_WIL,"Lemonthyme / Wilmot Power Station",LEMONTHYME,,,,,TAS,,"2011/01/06 11:28:58",
D,PARTICIPANT_REGISTRATION,STATION,1,LI_WY_CA,"Catagunya / Liapootah / Wayatinah Power Station",LIAPOOTAH,,,,,TAS,,"2011/01/06 11:28:58",
D,PARTICIPANT_REGISTRATION,STATION,1,LK_ECHO,"Lake Echo Power Station","LAKE ECHO",,,,,TAS,,"2011/01/06 11:28:58",
D,PARTICIPANT_REGISTRATION,STATION,1,MACKNTSH,"Mackintosh Power Station",MACKINTOSH,,,,,TAS,,"2011/01/06 11:28:58",
D,PARTICIPANT_REGISTRATION,STATION,1,MEADOWBK,"Meadowbank Power Station","MEADOW BANK",,,,,TAS,,"2011/01/06 11:28:58",
D,PARTICIPANT_REGISTRATION,STATION,1,PALOONA,"Paloona Power Station",PALOONA,,,,,TAS,,"2011/01/06 11:28:58",
D,PARTICIPANT_REGISTRATION,STATION,1,PTINA110,"Poatina Power Station",POATINA,,,,,TAS,,"2011/01/06 11:28:58",
D,PARTICIPANT_REGISTRATION,STATION,1,PTINA220,"Poatina Power Station",POATINA,,,,,TAS,,"2011/01/06 11:28:58",
D,PARTICIPANT_REGISTRATION,STATION,1,REECE,"Reece Power Station",REECE,,,,,TAS,,"2011/01/06 11:28:58",
D,PARTICIPANT_REGISTRATION,STATION,1,REPULSE,"Repulse Power Station",REPULSE,,,,,TAS,,"2011/01/06 11:28:58",
D,PARTICIPANT_REGISTRATION,STATION,1,TARRALEA,"Tarraleah Power Station",TARRALEA,,,,,TAS,,"2011/01/06 11:28:58",
D,PARTICIPANT_REGISTRATION,STATION,1,TREVALLN,"Trevallyn Power Station",TREVALLYN,,,,,TAS,,"2011/01/06 11:28:58",
D,PARTICIPANT_REGISTRATION,STATION,1,TRIBUTE,"Tribute Power Station",TRIBUTE,,,,,TAS,,"2011/01/06 11:28:58",
D,PARTICIPANT_REGISTRATION,STATION,1,TUNGATIN,"Tungatinah Power Station",TUNGATINAH,,,,,TAS,,"2011/01/06 11:28:58",
D,PARTICIPANT_REGISTRATION,STATION,1,DG_TAS1,"TAS1 Dummy Generator",NEMMCO,,,,HOBART,TAS,7000,"2005/05/16 13:26:35",
D,PARTICIPANT_REGISTRATION,STATION,1,RT_TAS1,"RESERVE TRADER TAS1",NEMMCO,,,,HOBART,TAS,7000,"2005/05/16 13:26:36",
D,PARTICIPANT_REGISTRATION,STATION,1,YAMBUK,"YAMBUK WIND FARM","PRINCES HIGHWAY",,,,YAMBUK,VIC,3285,"2005/07/15 11:38:14",
D,PARTICIPANT_REGISTRATION,STATION,1,MTMILLAR,"Mt Millar Wind Farm","Range Road",,,,"MOUNT MILLAR",SA,5034,"2011/01/06 11:30:30",
D,PARTICIPANT_REGISTRATION,STATION,1,WONWP,"Wonthaggi Wind Farm","CAMPBELL STREET",,,,WONTHAGGI,VIC,3995,"2011/01/06 11:28:04",
D,PARTICIPANT_REGISTRATION,STATION,1,BASSLINK,"Basslink HVDC Link","GPO Box 4066",,,,MELBOURNE,VIC,3000,"2011/01/06 11:28:04",
D,PARTICIPANT_REGISTRATION,STATION,1,BAPS,"Banimboola Power Station","Dartmonth Rd",,,,"Dartmonth ",VIC,3701,"2011/01/06 11:28:04",
D,PARTICIPANT_REGISTRATION,STATION,1,STARFHILL,"Starfish Hill Wind Farm","Yo Ho Road",,,,"CAPE JERVIS",SA,5204,"2011/01/06 11:30:30",
D,PARTICIPANT_REGISTRATION,STATION,1,CHALLWF,"Challicum Hills Wind Farm","WESTERN HIGHWAY",,,,BUANGOR,VIC,3375,"2011/01/06 11:30:30",
D,PARTICIPANT_REGISTRATION,STATION,1,CANUNDA1,"CANUNDA WIND FARM ","POONADA ROAD",,,,TANTANOOLA,SA,5280,"2006/02/07 08:09:49",
D,PARTICIPANT_REGISTRATION,STATION,1,LNGS,"Laverton North Power Station","LOT 2","CHERRY LANE",,,"LAVERTON NORTH",VIC,3026,"2011/01/06 11:30:30",
D,PARTICIPANT_REGISTRATION,STATION,1,ROWALLAN,"Rowallan Power Station",,,,,Wilmot,TAS,7310,"2011/01/06 11:28:58",
D,PARTICIPANT_REGISTRATION,STATION,1,INVICTA,"Invicta Sugar Mill","Mill St","Invicta Mill Estate",,,Giru,QLD,4809,"2013/05/15 08:54:20",
D,PARTICIPANT_REGISTRATION,STATION,1,PIONEER,"Pioneer Sugar Mill",,,,,,QLD,4825,"2006/03/29 08:20:37",
D,PARTICIPANT_REGISTRATION,STATION,1,BRAEMARA,"Braemar Power Station","128 GRAHAM ROAD",,,,DAANDINE,QLD,4406,"2011/01/06 11:28:04",
D,PARTICIPANT_REGISTRATION,STATION,1,BBP31,"Bell Bay Three Power Station","EAST TIMAR HIGHWAY",,,,"BELL BAY",TAS,7253,"2011/01/06 11:28:04",
D,PARTICIPANT_REGISTRATION,STATION,1,OCPS,"Oaky Creek Power Station","Oaky Creek Mine Road",,,,Tieri,QLD,4709,"2006/06/26 08:44:54",
D,PARTICIPANT_REGISTRATION,STATION,1,TATURA,"Tatura Biomass Generator","730 Dhurringile Road",,,,Tatura,Victoria,,"2011/01/06 11:28:04",
D,PARTICIPANT_REGISTRATION,STATION,1,GERMCRK,"German Creek Power Station","Grasstree Road",,,"Grass Tree Mine","German Creek ",QLD,4746,"2011/01/06 11:28:04",
D,PARTICIPANT_REGISTRATION,STATION,1,GRANGEAV,"Grange Avenue Landfill Gas Power Station","236 Grange Avenue",,,,"Marsden Park ",NSW,2765,"2013/07/31 14:30:25",
D,PARTICIPANT_REGISTRATION,STATION,1,REMOUNT,"Remount Power Station","Remount Rd",,,,Mowbray,TAS,7248,"2011/01/06 11:30:30",
D,PARTICIPANT_REGISTRATION,STATION,1,DAANDINE,"Daandine Power Station","Lot 125, Dalby-Kogan Road",,,,"Daandine ",QLD,4405,"2015/06/30 13:37:46",
D,PARTICIPANT_REGISTRATION,STATION,1,AWABAREF,"Awaba Power Station","Wilton Rd",Awaba,,,,NSW,2283,"2011/01/06 11:30:30",
D,PARTICIPANT_REGISTRATION,STATION,1,ICSM,"ISIS Central Sugar Mill Co-generation Plant","Kevin Livingston Drive",,,,"Isis Central",QLD,4660,"2011/01/06 11:28:04",
D,PARTICIPANT_REGISTRATION,STATION,1,MORANBAH,"Moranbah Generation Project","Ergon Substation","North Goonyella Rd",,,Moranbah,Queensland,4744,"2007/03/01 08:17:04",
D,PARTICIPANT_REGISTRATION,STATION,1,KRCCOGEN,"KRC Cogeneration Plant Power Station","Mort Street",,,,Toowoomba,QLD,4350,"2011/01/06 11:28:04",
D,PARTICIPANT_REGISTRATION,STATION,1,KOGANCK,"Kogan Creek Power Station",,,,,,QLD,,"2007/04/03 10:42:57",
D,PARTICIPANT_REGISTRATION,STATION,1,LKBONNY_2,"Lake Bonney Stage 2 Windfarm","SECTION 244 ","HUNDRED MAYURRA ","NEAR MILLICENT",,TANTANOOLA,SA,5280,"2011/01/06 11:30:30",
D,PARTICIPANT_REGISTRATION,STATION,1,JNDSHPS,"Jindabyne Small Hydro Power Station","Jindabyne Dam Spillway,","Kosciusko Rd,",,,Jindabyne,NSW,2627,"2011/01/06 11:30:30",
D,PARTICIPANT_REGISTRATION,STATION,1,CONDONG1,"Condong Power Station","Mcleod Street",,,,Condong,NSW,2484,"2007/12/06 08:11:35",
D,PARTICIPANT_REGISTRATION,STATION,1,HALLWF,"Hallett 1 Wind Farm","'The Willows' Road","Off Booborwie Rd",,,Hallett,SA,5419,"2011/01/06 11:28:04",
D,PARTICIPANT_REGISTRATION,STATION,1,SNOWTOWN,"Snowtown Wind Farm Units 1 And 47","Broughton Road",,,,Broughton,VIC,3418,"2011/01/06 11:30:30",
D,PARTICIPANT_REGISTRATION,STATION,1,PORTWF,"Portland Wind Farm","Pacific Hydro P3C Substation","Quarry Road",,,Portland,VIC,3305,"2008/01/09 07:36:37",
D,PARTICIPANT_REGISTRATION,STATION,1,BWTR1,"Broadwater Power Station","117 Pacific Highway",,,,Broadwater,NSW,2472,"2013/11/08 12:43:33",
D,PARTICIPANT_REGISTRATION,STATION,1,WDLNGN,"Woodlawn Bioreactor Energy Generation Station","619 Collector Road",,,,Tarago,NSW,2580,"2011/01/06 11:28:58",
D,PARTICIPANT_REGISTRATION,STATION,1,ERGT01,"Eraring Power Station","Rocky Point Road",,,,Eraring,NSW,2264,"2008/02/12 06:59:48",
D,PARTICIPANT_REGISTRATION,STATION,1,HEZ,"Hunter Economic Zone Power Station","Lot27 As Part Of Lot 7 Dp 1037092","Stage 2 Spine Rd",,,Abermain,NSW,2326,"2008/04/02 06:50:02",
D,PARTICIPANT_REGISTRATION,STATION,1,TALLAWAR,"Tallawarra Power Station","Yallah Bay Rd",,,,Yallah,NSW,2530,"2011/01/06 11:30:30",
D,PARTICIPANT_REGISTRATION,STATION,1,URANQ,"Uranquinty Power Station","The Crossroads",,,,Uranquinty,NSW,2652,"2008/10/27 09:28:35",
D,PARTICIPANT_REGISTRATION,STATION,1,MBAHNTH,"Moranbah North Waste Coal Mine Gas Power Station","Mine Access Rd Via Goonyella Rd",,,,Moranbah,QLD,4744,"2014/10/20 09:23:23",
D,PARTICIPANT_REGISTRATION,STATION,1,HLMSEW01,"South East Water - Halllam Hydro Plant","Se Water's Pressure Reducing Station WB058","7W Belgrave Rd And Hallam Rd",,,Hallam,VIC,3803,"2008/07/03 07:42:28",
D,PARTICIPANT_REGISTRATION,STATION,1,TITREE,"Veolia Ti Tree Bio Reactor","Champions Way",,,,Willowbank,QLD,,"2011/01/06 11:30:30",
D,PARTICIPANT_REGISTRATION,STATION,1,SHEP1,"Shepparton Wastewater Treatment Facility","200 Daldy Rd","(Inside The Goulburn Valley Water Waste Treatment Facility)",,,Shepparton,VIC,3630,"2011/01/06 11:28:04",
D,PARTICIPANT_REGISTRATION,STATION,1,BBASEHOS,"Ballarat Base Hospital Plant","Base Hospital Campus","Mair Street",,,Ballarat,VIC,3350,"2011/01/06 11:28:58",
D,PARTICIPANT_REGISTRATION,STATION,1,AMCORGR,"Amcor Glass, Gawler Plant","Argent Road",,,,"Gawler Belt",SA,5118,"2011/01/06 11:28:58",
D,PARTICIPANT_REGISTRATION,STATION,1,WAUBRAWF,"WAUBRA WIND FARM","Harrisons Rd",,,,Waubra,NSW,3352,"2009/02/26 08:05:48",
D,PARTICIPANT_REGISTRATION,STATION,1,B2PS,"BRAEMAR 2 POWER STATION","Lot 27","Grahams Rd",Braemar,,"Via Dalby",QLD,4505,"2009/03/24 08:42:49",
D,PARTICIPANT_REGISTRATION,STATION,1,CLEMGPWF,"Clements Gap Wind Farm","Kirchner Road",,,,Merriton,SA,5523,"2011/01/06 11:30:30",
D,PARTICIPANT_REGISTRATION,STATION,1,HALLWF2,"Hallett 2 Wind Farm","Lot 101,","Off Range Road",,,"Mt Bryan",SA,5419,"2009/05/08 12:12:45",
D,PARTICIPANT_REGISTRATION,STATION,1,COLONGRA,"Colongra Power Station","Scenic Drive",,,,Doyalson,NSW,2262,"2009/05/19 08:55:45",
D,PARTICIPANT_REGISTRATION,STATION,1,CULLERIN,"Cullerin Range Wind Farm","Lerida Road Nth",,,,Cullerin,NSW,2581,"2011/01/06 11:30:30",
D,PARTICIPANT_REGISTRATION,STATION,1,CPSA,"Condamine Power Station A","Lot 48 BWR138,","McNulty Road",,,Miles,QLD,4415,"2009/06/01 10:35:13",
D,PARTICIPANT_REGISTRATION,STATION,1,TVCCPS,"Tamar Valley Combined Cycle Power Station","East Tamar Highway",,,,"Bell Bay",TAS,7253,"2011/01/06 11:28:04",
D,PARTICIPANT_REGISTRATION,STATION,1,CAPTL_WF,"Capital Wind Farm","Tarago Rd",,,,Bungendore,NSW,2621,"2009/06/29 14:15:08",
D,PARTICIPANT_REGISTRATION,STATION,1,STHBKTEC,"Southbank Institute Of Technology Unit 1 Plant","Ernst St",,,,"South Brisbane",QLD,4101,"2011/01/06 11:30:30",
D,PARTICIPANT_REGISTRATION,STATION,1,DDPS1,"Darling Downs Power Station","Grahams Rd (Via Dalby-Kogan Rd)",,,,Kogan,QLD,4406,"2011/01/06 11:30:30",
D,PARTICIPANT_REGISTRATION,STATION,1,CODRGTON,"Codrington Wind Farm","Princess Highway",,,,Codrington,VIC,3285,"2010/01/06 08:31:59",
D,PARTICIPANT_REGISTRATION,STATION,1,BDONGHYD,"Burrendong Hydro Power Station","Burrrendong Dam Via Wellington",,,,Wellington,NSW,2820,"2010/01/06 08:45:23",
D,PARTICIPANT_REGISTRATION,STATION,1,COPTNHYD,"Copeton Hydro Power Station","Copeton Dam Via Inverell",,,,Inverell,NSW,2360,"2010/01/06 08:45:23",
D,PARTICIPANT_REGISTRATION,STATION,1,GLBWNHYD,"Glenbawn Hydro Power Station","Glenbawn Dam Via Scone",,,,Scone,NSW,2337,"2010/01/06 08:45:23",
D,PARTICIPANT_REGISTRATION,STATION,1,YWNGAHYD,"Yarrawonga Hydro Power Station","Burley Rd",,,,Yarrawonga,VIC,3730,"2010/01/06 08:45:23",
D,PARTICIPANT_REGISTRATION,STATION,1,EASTCRK2,"Eastern Creek 2 Gas Utilisation Facility","Wallgrove Rd",,,,"Eastern Creek",NSW,2766,"2010/01/06 08:47:42",
D,PARTICIPANT_REGISTRATION,STATION,1,WILGAPK,"Wilga Park Power Station","Kiandool Rd",,,,Narrabri,NSW,2390,"2011/01/06 11:30:30",
D,PARTICIPANT_REGISTRATION,STATION,1,APPIN,"Appin Power Plant","Northhampton Dale Rd",,,,Appin,NSW,2560,"2010/01/06 08:51:41",
D,PARTICIPANT_REGISTRATION,STATION,1,BERWICK,"Berwick Power Plant","Berwick Landfill","Quarry Road",,,"Narre Warren North",VIC,3804,"2010/01/06 08:51:41",
D,PARTICIPANT_REGISTRATION,STATION,1,BROADMDW,"Broadmeadows Landfill Gas Power Station","Broadmeadows Landfill","Onslow Ave",,,Broadmeadows,VIC,3047,"2015/03/19 16:05:20",
D,PARTICIPANT_REGISTRATION,STATION,1,CLAYTON,"Clayton Landfill Gas Power Station","Clayton Landfill","Cnr Deals And Ryans Rd",,,"Clayton South",VIC,3169,"2013/11/07 09:03:18",
D,PARTICIPANT_REGISTRATION,STATION,1,LUCASHGT,"Lucas Heights II Power Plant","Lucas Height Landfill","Little Forest Road",,,Menai,NSW,2234,"2010/01/06 08:51:41",
D,PARTICIPANT_REGISTRATION,STATION,1,TOWER,"Tower Power Plant","Douglas Partk Drive",,,,"Douglas Park",NSW,2569,"2010/01/06 08:51:41",
D,PARTICIPANT_REGISTRATION,STATION,1,GLENNCRK,"Glennies Creek Power Station","Glennies Creek Coal Mine",,,,Singleton,NSW,2330,"2010/01/06 08:53:01",
D,PARTICIPANT_REGISTRATION,STATION,1,WYANGALA,"Wyangala A Power Station","Warrah Rd",,,,"Wyangala Village",NSW,2808,"2011/01/06 11:28:04",
D,PARTICIPANT_REGISTRATION,STATION,1,WYANGALB,"Wyangala B Power Station","Warrah Rd",,,,"Wyangala Villiage",NSW,2808,"2011/01/06 11:28:04",
D,PARTICIPANT_REGISTRATION,STATION,1,JOUNAMA,"Jounama Small Hydro Power Station","Jounama Dam Road Via Snowy Mountains Hwy",,,,Talbingo,NSW,2720,"2010/03/12 08:25:14",
D,PARTICIPANT_REGISTRATION,STATION,1,WESTCBT,"Western Suburbs League Club (Campbelltown) Plant","10 Old Leumeah Road",,,,Leumeah,NSW,2560,"2010/04/19 09:09:56",
D,PARTICIPANT_REGISTRATION,STATION,1,SYMEX,"Symex Power Plant","14 Woodruff St",,,,"Port Melbourne",VIC,3207,"2011/01/06 11:28:58",
D,PARTICIPANT_REGISTRATION,STATION,1,WESTILLA,"West Illawarra Leagues Club Plant","1 Hargreaves St",,,,Unanderra,NSW,2526,"2011/01/06 11:28:58",
D,PARTICIPANT_REGISTRATION,STATION,1,YARWUN,"Yarwun Power Station","975 Hanson Road",,,,Gladstone,QLD,4680,"2010/06/29 12:03:03",
D,PARTICIPANT_REGISTRATION,STATION,1,LKBONNY3,"Lake Bonney Stage 3 Wind Farm","Canunda Frontage Road",,,,Tantanoola,SA,5280,"2010/07/01 09:32:01",
D,PARTICIPANT_REGISTRATION,STATION,1,NBHWF,"North Brown Hill Wind Farm","Gilfillan Rd",,,,Jamestown,SA,54891,"2010/07/16 09:58:08",
D,PARTICIPANT_REGISTRATION,STATION,1,BANKSPT,"Bankstown Sports Club Plant Units","8 Greenfield Parade",,,,Bankstown,NSW,220,"2011/01/06 11:28:58",
D,PARTICIPANT_REGISTRATION,STATION,1,WATERLWF,"Waterloo Wind Farm","Shultz Rd",,,,Waterloo,TAS,,"2010/08/19 15:00:49",
D,PARTICIPANT_REGISTRATION,STATION,1,NINEWIL,"Nine Network Willoughby Plant","24 Artarmon Road",,,,Willoughby,NSW,2068,"2010/10/07 08:45:05",
D,PARTICIPANT_REGISTRATION,STATION,1,STGEORGE,"St George Leagues Plant","124 Princess Highway",,,,Kogorah,NSW,2217,"2010/11/04 08:03:57",
D,PARTICIPANT_REGISTRATION,STATION,1,TATIARA,"Tataria Bordertown Plant","Meatworks Road",,,,Bordertown,SA,5268,"2010/11/04 08:05:49",
D,PARTICIPANT_REGISTRATION,STATION,1,STANVAC,"Pt Stanvac Power Station","Lot 100","Refinery Road",,,Lonsdale,SA,5160,"2010/12/16 08:09:51",
D,PARTICIPANT_REGISTRATION,STATION,1,VPGS,"Valley Power Peaking Facility","Barton's Lane",,,,Traralgon,VIC,3844,"2012/01/31 08:35:52",
D,PARTICIPANT_REGISTRATION,STATION,1,GUNNING,"Gunning Wind Farm","Gurrundah Road",,,,Gurrandah,NSW,2581,"2011/03/24 08:50:34",
D,PARTICIPANT_REGISTRATION,STATION,1,WOODLWN,"Woodlawn Wind Farm",,,,,Tarago,NSW,2580,"2011/05/02 09:56:40",
D,PARTICIPANT_REGISTRATION,STATION,1,HEPWIND,"Hepburn Community Wind Farm","2040 Ballan-Daylesford Rd",,,,"Leonards Hill",VIC,3461,"2011/06/16 14:25:44",
D,PARTICIPANT_REGISTRATION,STATION,1,BLUFF,"The Bluff Wind Farm","Wilkins Highway",,,,Hallett,SA,5419,"2011/07/04 13:12:34",
D,PARTICIPANT_REGISTRATION,STATION,1,MORTLK,"Mortlake Power Station","1154 Connewarren Lane",,,,Mortlake,VIC,3272,"2011/07/29 14:37:16",
D,PARTICIPANT_REGISTRATION,STATION,1,OAKLAND,"Oaklands Hill Wind Farm","Glenthompson-Caramut Road",,,,Glenthompson,VIC,3293,"2011/08/04 11:40:00",
D,PARTICIPANT_REGISTRATION,STATION,1,VICMILL,"Victoria Mill","Forest Beach Rd",,,,Ingham,QLD,4850,"2011/08/08 11:57:22",
D,PARTICIPANT_REGISTRATION,STATION,1,HALAMRD,"HALLAM ROAD RENEWABLE ENERGY FACILITY","274 Hallam Road",,,,"Hampton Park",VIC,3976,"2011/11/09 09:20:13",
D,PARTICIPANT_REGISTRATION,STATION,1,BLULAKE,"Blue Lake Milling Power Plant","Pigeon Flat Road",,,,Bordertown,SA,5268,"2011/12/20 11:09:59",
D,PARTICIPANT_REGISTRATION,STATION,1,BPLANDF,"Browns Plains Landfill Gas PS","349 Brown Plains Road",,,,"Heritage Park",QLD,4118,"2012/03/30 09:07:33",
D,PARTICIPANT_REGISTRATION,STATION,1,MACARTH,"Macarthur Wind Farm","Macarthur-Hawkesdale Road",,,,Macarthur,VIC,3286,"2012/08/20 11:33:47",
D,PARTICIPANT_REGISTRATION,STATION,1,RACOMIL,"Racecourse Mill Power Station","Peak Downs Highway",Racecourse,,,Mackay,QLD,4740,"2012/11/07 15:34:48",
D,PARTICIPANT_REGISTRATION,STATION,1,MLWF,"Mortons Lane Wind Farm","300 Mortons Lane",,,,Nareeb,VIC,3293,"2012/11/08 11:20:38",
D,PARTICIPANT_REGISTRATION,STATION,1,MUSSELRO,"Musselroe Wind Farm","Cape Portland Road",,,,"Musselroe Bay",TAS,7264,"2013/03/07 14:06:23",
D,PARTICIPANT_REGISTRATION,STATION,1,THEDROP,"The Drop Power Station","Mulwala Canal","Corner Of Berrigan Road And Melrose Lane",,,Barooga,NSW,3644,"2013/03/08 15:35:22",
D,PARTICIPANT_REGISTRATION,STATION,1,HIGHBRY,"Highbury Landfill Gas Power Station","Halls Road",,,,Highbury,SA,5089,"2013/03/27 17:00:03",
D,PARTICIPANT_REGISTRATION,STATION,1,PEDLER,"Pedler Creek Landfill Gas Power Station Units 1-3","Wheaton Road",,,,"Seaford Heights",SA,5169,"2015/03/19 16:05:20",
D,PARTICIPANT_REGISTRATION,STATION,1,WINGF1,"Wingfield 1 Landfill Gas Power Station","23-29 Nixon Road",,,,Wingfield,SA,5013,"2013/03/27 17:05:34",
D,PARTICIPANT_REGISTRATION,STATION,1,TEATREE,"Tea Tree Gully Landfill Gas Power Station","Smart Road",,,,"St Agnes",SA,5097,"2013/03/27 17:08:28",
D,PARTICIPANT_REGISTRATION,STATION,1,WINGF2,"Wingfield 2 Landfill Gas Power Station","Hanson Road",,,,Wingfield,SA,5013,"2013/03/27 17:10:25",
D,PARTICIPANT_REGISTRATION,STATION,1,WOLLERT,"Wollert Renewable Energy Facility","45-135 Bridge In Road",,,,Wollert,VIC,3750,"2013/06/11 08:03:30",
D,PARTICIPANT_REGISTRATION,STATION,1,TGNSS,"Traralgon Network Support Station","73-83 Eastern Road",,,,Traralgon,VIC,3844,"2013/06/11 17:48:31",
D,PARTICIPANT_REGISTRATION,STATION,1,CORIO,"Corio Landfill Gas Power Station","Biddlecomb Road",,,,Corio,VIC,3241,"2013/07/12 15:26:08",
D,PARTICIPANT_REGISTRATION,STATION,1,CESF,"Capital East Solar Farm","1475 Tarago Road",,,,Bungendore,NSW,2621,"2013/09/06 16:18:02",
D,PARTICIPANT_REGISTRATION,STATION,1,SNOWSTH,"Snowtown South Wind Farm","Lochiel - Snowtown Road",,,,Snowtown,SA,5520,"2013/09/06 16:19:19",
D,PARTICIPANT_REGISTRATION,STATION,1,SNOWNTH,"Snowtown Wind Farm Stage 2 North","Lochiel - Snowtown Road",,,,Snowtown,SA,5520,"2013/09/06 17:04:34",
D,PARTICIPANT_REGISTRATION,STATION,1,SVALE,"Springvale Landfill Gas Power Station","Clarke Road",,,,Springvale,VIC,3172,"2013/10/11 10:24:30",
D,PARTICIPANT_REGISTRATION,STATION,1,MTMERCER,"Mt Mercer Wind Farm","286 Shelford-Mt Mercer Rd",,,,"Mt Mercer",VIC,3352,"2013/10/11 14:49:13",
D,PARTICIPANT_REGISTRATION,STATION,1,GULLRGWF,"Gullen Range Wind Farm","280 Storriers Lane",,,,Bannister,NSW,2580,"2013/11/18 12:56:22",
D,PARTICIPANT_REGISTRATION,STATION,1,GLENMAGG,"Glenmaggie Hydro Power Station","Off Glenmaggie Lake Weir Wall, Ryans Road",,,,Glenmaggie,VIC,3858,"2013/12/18 09:13:41",
D,PARTICIPANT_REGISTRATION,STATION,1,EILDONPD,"Eildon Power Station","Off Eildon Pondage Weir Wall","Back Eildon Road",,,Eildon,VIC,3713,"2013/12/18 09:14:30",
D,PARTICIPANT_REGISTRATION,STATION,1,WILLHOV,"William Hovell Power Station","Off Lake William Hovell Weir Wall","Upper Kind River Road",,,Cheshunt,VIC,3678,"2013/12/18 09:15:13",
D,PARTICIPANT_REGISTRATION,STATION,1,MIDLDPS,"Midlands Power Station","546 Verwood Road",,,,Ross,TAS,7209,"2014/01/29 09:40:43",
D,PARTICIPANT_REGISTRATION,STATION,1,AS_NSW1,"Station ID - Dummy (NSCAS)",,,,,Dummy,NSW,2000,"2014/01/30 12:28:32",
D,PARTICIPANT_REGISTRATION,STATION,1,ROYALLA,"Royalla Solar Farm","""Bellview""","8827 Monaro Highway",,,Tuggeranong,ACT,2901,"2014/05/05 10:49:27",
D,PARTICIPANT_REGISTRATION,STATION,1,WOYWOY,"Woy Woy Landfill Site","Lot 3","Dp 600393","Nagari Road",,"Woy Woy",NSW,2256,"2014/07/24 10:38:59",
D,PARTICIPANT_REGISTRATION,STATION,1,WILGAPKB,"Wilga Park B","Kiandool Rd",,,,Narrabri,NSW,2390,"2014/08/04 10:32:11",
D,PARTICIPANT_REGISTRATION,STATION,1,KINCUMB,"Kincumber Landfill Site","Lot 1","Dp 12437","Cullens Road",,Kincumber,NSW,2251,"2014/08/25 11:03:36",
D,PARTICIPANT_REGISTRATION,STATION,1,BOCOROCK,"Boco Rock Wind Farm","Avon Lake Road",,,,Springfield,NSW,2630,"2014/08/28 16:26:42",
D,PARTICIPANT_REGISTRATION,STATION,1,TARALGA,"Taralga Wind Farm","Corner Of Taralga Road And Old Show Ground Road",,,,Taralga,NSW,2580,"2014/12/10 09:34:54",
D,PARTICIPANT_REGISTRATION,STATION,1,NYNGAN,"Nyngan Solar Plant","Nyngan Solar Plant","Lot 34","Barrier Hwy",,Nyngan,NSW,2825,"2014/12/15 09:43:12",
D,PARTICIPANT_REGISTRATION,STATION,1,BOLIVAR,"SA Water Bolivar Waste Water Treatment (WWT) Plant","Site 1151","Port Wakefield Rd",,,Bolivar,SA,5110,"2014/12/30 16:28:33",
D,PARTICIPANT_REGISTRATION,STATION,1,BHWF,"Bald Hills Wind Farm","1080 Buffalo - Waratah Road",,,,"Tarwin Lower",VIC,3956,"2015/01/28 13:12:10",
D,PARTICIPANT_REGISTRATION,STATION,1,CHPSTWF,"Chepstowe Wind Farm","Chepstowe-Pittong Road",,,,Chepstowe,VIC,3351,"2015/03/23 15:05:50",
D,PARTICIPANT_REGISTRATION,STATION,1,TAHMOOR,"Tahmoor Waste Coal Mine Gas Power Station","Gate 3 Tahmoor Colliery","Remembrance Drive",,,Tahmoor,NSW,2573,"2015/06/30 13:41:32",
D,PARTICIPANT_REGISTRATION,STATION,1,BROKENH,"Broken Hill Solar Plant","Lot 1 Dp 1191197","Barrier Highway",,,"Broken Hill",NSW,2880,"2015/08/24 15:38:08",
D,PARTICIPANT_REGISTRATION,STATION,1,MOREESF,"MOREE SOLAR FARM","Bartons Road Pk 2.2",,,,Moree,NSW,2400,"2016/02/08 12:04:44",
D,PARTICIPANT_REGISTRATION,STATION,1,CBWF,"Coonoer Bridge Wind Farm","Via Charlton Victoria",,,,,VIC,,"2016/02/08 13:24:47",
D,PARTICIPANT_REGISTRATION,STATION,1,OAKY2,"Oaky Creek 2","Grasstree Rd Via Tiera",,,,,QLD,4709,"2016/04/01 10:07:30",
D,PARTICIPANT_REGISTRATION,STATION,1,GEORGTWN,"GEORGE TOWN DIESEL","East Tamar Highway",,,,"Bell Bay",TAS,7253,"2016/03/17 10:53:31",
D,PARTICIPANT_REGISTRATION,STATION,1,PORTLATT,"Port Latta Diesel Generator","Port Latta Substation","Bass Highway",,,"Port Latta",TAS,7321,"2016/03/24 10:40:26",
D,PARTICIPANT_REGISTRATION,STATION,1,QUERIVER,"Que River Diesel","Que River Mine Site","Que River Road","Murchison Highway",,Waratah,TAS,7321,"2016/04/04 14:07:56",
D,PARTICIPANT_REGISTRATION,STATION,1,BBDISEL1,"Bell Bay Power Station","East Tamar Highway",,,,"Bell Bay",TAS,7253,"2016/05/10 16:12:12",
D,PARTICIPANT_REGISTRATION,STATION,1,HORNSDAL,"Hornsdale Wind Farm","Sec 188 Tarcowie Caltowie Road",,,,Caltowie,SA,5460,"2016/06/01 11:04:24",
D,PARTICIPANT_REGISTRATION,STATION,1,ARWF,"Ararat Wind Farm","Pyrenees Highway",,,,Ararat,VIC,3377,"2016/06/22 11:47:49",
D,PARTICIPANT_REGISTRATION,STATION,1,MLSP,"Mugga Lane Solar Park","Monaro Highway And Mugga Lane",,,,Tuggeranong,ACT,2900,"2016/11/11 15:24:44",
D,PARTICIPANT_REGISTRATION,STATION,1,AGLSITA,"AGL KEMPS CREEK","1725 Elizabeth Dr",,,,"Kemps Creek",NSW,2555,"2016/11/18 08:20:50",
D,PARTICIPANT_REGISTRATION,STATION,1,BARCSF,"Barcaldine Solar Farm","Lots 33 -35, Capricon Hwy",,,,Barcaldine,QLD,4725,"2016/11/25 12:35:12",
D,PARTICIPANT_REGISTRATION,STATION,1,GROSV1,"Grosvenor 1 Waste Coal Mine Gas Power Station","Goonyella Road",,,,Moranbah,QLD,4744,"2017/01/23 07:55:52",
D,PARTICIPANT_REGISTRATION,STATION,1,HORNSDAL2,"Hornsdale Wind Farm 2","Sec 188 Caltowie-Tarcowie Road",,,,"Caltowie North",SA,5490,"2017/02/17 11:54:23",
D,PARTICIPANT_REGISTRATION,STATION,1,VALDORA,SCSF,"909 Yandina Coolum Rd",,,,Valdora,QLD,4561,"2017/06/28 15:04:57",
D,PARTICIPANT_REGISTRATION,STATION,1,WRWF1,"White Rock Wind Farm","Off Gywdir Highyway",,,,Matheson,NSW,2370,"2017/07/05 15:23:04",
C,"END OF REPORT",318
